Puntuaje,Tipo de Pago,Título comentario,Cuerpo comentario,Cuotas de pago,Valor del pago,Categoría producto,Peso producto (g),Largo producto (cm),Ancho producto (cm),Alto producto (cm),Ciudad cliente,Estado orden,Precio envío,ID vendedor,Secuencia de pago,Tiempo compra pedido,Fecha de cargo,Fecha de entrega prevista,Fecha estimada de entrega,Creación comentario,Lapso tiempo respuesta,Ciudad vendedor,Estado vendedor,Estado cliente,Fecha límite de envío
1,boleto,,"Funcionamento Incompleto. Fiz Cancelamento, pois o Produto deveria funcionar e não funciona regularmente, mesmo sendo novo.",1,123.52,watches_gifts,1000.0,53.0,18.0,8.0,vitoria,delivered,15.52,634964b17796e64304cadf1ad3050fb7,1,2018-02-06 12:11:41,2018-02-07 18:16:58,2018-02-16 21:43:56,2018-03-06 00:00:00,2018-02-17 00:00:00,2018-02-18 01:58:38,rio de janeiro,RJ,ES,2018-02-13 02:56:21
5,credit_card,,"Produto de exelente qualidade, recomendo pois chegou antes do prazo e veio certinho sem nenhum defeito",10,147.64,cool_stuff,1600.0,42.0,15.0,25.0,paranagua,delivered,17.65,7a67c85e85bb2ce8582c35f2203ad736,1,2017-04-01 22:10:50,2017-04-04 11:51:08,2017-04-14 11:43:02,2017-04-26 00:00:00,2017-04-15 00:00:00,2017-04-17 01:52:22,sao paulo,SP,PR,2017-04-05 22:23:00
3,boleto,,comprei 3 entregaram somente 2,1,699.84,construction_tools_construction,16400.0,52.0,35.0,53.0,sao paulo,delivered,111.38,9596c870880d900012f2e8e6e30d06d7,1,2018-04-15 11:05:16,2018-04-18 17:32:37,2018-04-24 17:28:52,2018-05-07 00:00:00,2018-04-25 00:00:00,2018-04-25 22:02:48,varginha,MG,SP,2018-04-23 05:50:27
2,credit_card,,Paguei por 24 baleiros e veio apenas 21 :(,1,84.63,party_supplies,1250.0,35.0,25.0,25.0,rio de janeiro,delivered,16.73,dbb9b48c841a0e39e21f98e1a6b2ec3e,1,2018-01-28 14:09:10,2018-01-29 22:10:37,2018-02-05 19:48:58,2018-02-20 00:00:00,2018-02-06 00:00:00,2018-02-06 22:19:03,sao paulo,SP,RJ,2018-02-01 14:18:26
1,credit_card,Não recomendaria,"Pedi 2 produtos iguais.. Vieram corretamente, porém um dos produtos veio sujo, sem o plástico na escovinha de limpeza, como se alguém já tivesse manipulado/ usado. Fiquei bem descontente com esse fato",1,85.38,perfumery,250.0,26.0,18.0,12.0,campinas,delivered,12.79,d3f39f05462b79a4562d35893a28f159,1,2018-06-05 22:54:28,2018-06-06 14:07:00,2018-06-08 18:14:19,2018-07-11 00:00:00,2018-06-09 00:00:00,2018-06-13 11:20:58,mococa,SP,SP,2018-06-13 23:12:42
5,credit_card,otimo,muito bom,1,89.6,sports_leisure,3400.0,33.0,28.0,25.0,piracaia,delivered,14.61,54a1852d1b8f10312c55e906355666ee,1,2018-05-18 17:01:13,2018-05-21 09:45:00,2018-05-23 16:17:32,2018-06-04 00:00:00,2018-05-24 00:00:00,2018-05-28 18:42:58,santa barbara d'oeste,SP,SP,2018-05-22 17:15:34
4,credit_card,Tudo ok,Muito bom,10,193.84,bed_bath_table,6550.0,30.0,30.0,30.0,sao jose dos campos,delivered,44.84,c33847515fa6305ce6feb1e818569f13,1,2018-08-08 13:33:11,2018-08-08 14:45:00,2018-08-15 00:44:41,2018-08-21 00:00:00,2018-08-16 00:00:00,2018-08-21 12:52:21,brusque,SC,SP,2018-08-10 13:45:11
3,credit_card,,"O produto chegou antes do prazo mas recebi um produto diferente do que mostrados na descrição e nas imagens. Uma das lampadas esta com problema

Fizemos uma notificação e estamos aguardando o retorn",1,215.84,sports_leisure,2050.0,28.0,20.0,22.0,brasilia,delivered,20.85,7ddcbb64b5bc1ef36ca8c151f6ec77df,1,2017-09-01 22:26:18,2017-09-05 12:08:46,2017-09-13 19:07:33,2017-09-21 00:00:00,2017-09-14 00:00:00,2017-09-17 11:14:08,sao paulo,SP,DF,2017-09-07 22:23:53
5,debit_card,Muito bom!!!,Entrega super rápida e produto conforme a descrição.,1,100.19,stationery,7700.0,60.0,29.0,20.0,taubate,delivered,21.19,3d871de0142ce09b7081e2b9d1733cb1,1,2018-08-20 13:37:54,2018-08-21 13:15:00,2018-08-23 18:54:24,2018-09-04 00:00:00,2018-08-24 00:00:00,2018-08-25 18:28:19,campo limpo paulista,SP,SP,2018-08-28 16:00:37
5,voucher,Excelente,Produtos em perfeita ordem e prazo correto.,1,87.9,cool_stuff,125.0,16.0,12.0,12.0,rio de janeiro,delivered,22.81,e9bc59e7b60fc3063eb2290deda4cced,2,2018-08-06 22:34:06,2018-08-20 05:44:00,2018-08-27 17:15:06,2018-09-06 00:00:00,2018-08-28 00:00:00,2018-08-28 21:18:12,maringa,PR,RJ,2018-08-14 22:44:37
4,credit_card,,Não entregaram o produto ,1,39.64,telephony,250.0,19.0,11.0,4.0,porto alegre,shipped,15.65,92eb0f42c21942b6552362b9b114707d,1,2017-03-23 22:03:43,2017-03-28 11:43:01,,2017-04-18 00:00:00,2017-04-20 00:00:00,2017-04-24 15:14:04,sao paulo,SP,RS,2017-03-29 22:10:24
1,boleto,NÃO RECEBI O PRODUTO,NÃO RECEBI O PRODUTO,1,173.32,office_furniture,650.0,40.0,11.0,11.0,rio de janeiro,delivered,18.33,6861de0f40cacb0602e473c51639f980,1,2018-06-29 08:12:42,2018-07-04 12:57:00,2018-07-12 18:16:44,2018-08-08 00:00:00,2018-07-13 00:00:00,2018-07-16 10:58:52,curitiba,PR,RJ,2018-07-10 08:32:02
5,boleto,,"já é a segunda vez que compro nesta loja,super eficiente entrega rápida e antes do prazo contratado, produto bem embalado , Nota 10
Muito Obrigado",1,58.09,auto,50.0,16.0,14.0,18.0,itapira,delivered,15.1,bba74270a87732727b5a3b4fd9ac1c39,1,2018-01-11 13:55:06,2018-01-16 22:55:38,2018-01-25 16:31:57,2018-02-02 00:00:00,2018-01-26 00:00:00,2018-01-27 20:03:09,betim,MG,SP,2018-01-18 02:05:44
5,credit_card,,Foi tudo como eu esperava obg stark pela eficiência continuarei comprando.,8,414.11,perfumery,400.0,30.0,22.0,16.0,rio de janeiro,delivered,18.21,681fce914360217db47784ae28905a96,1,2017-11-06 16:55:54,2017-11-10 19:25:24,2017-11-18 12:54:29,2017-11-28 00:00:00,2017-11-19 00:00:00,2017-11-21 16:46:22,araucaria,PR,RJ,2017-11-10 17:10:28
5,credit_card,- Luminária de Mesa pelic,otimo produto muito bom veio tudo certinho chegou antes do prazo previsto... Parabéns Lojas lannister...,2,43.26,furniture_decor,800.0,40.0,11.0,5.0,taguai,delivered,19.36,f7720c4fa8e3aba4546301ab80ea1f1b,1,2018-07-22 11:36:44,2018-07-24 15:37:00,2018-07-27 14:58:47,2018-08-16 00:00:00,2018-07-28 00:00:00,2018-07-28 18:15:42,curitiba,PR,SP,2018-07-26 09:18:51
4,credit_card,,Falta receber um jogo de cama de solteiro. Comprei dois veio só um. A colcha recebi.,10,335.0,bed_bath_table,850.0,45.0,25.0,15.0,sao paulo,delivered,13.85,4a3ca9315b744ce9f8e9374361493884,1,2018-03-15 12:56:35,2018-03-15 23:58:22,2018-03-22 20:58:34,2018-04-03 00:00:00,2018-03-23 00:00:00,2018-03-23 23:04:41,ibitinga,SP,SP,2018-03-21 13:10:43
1,credit_card,nao recebi todo material ,veio somente uma pastilha de 06 e nao recebi o cloro ainda !!!,10,297.02,sports_leisure,300.0,16.0,16.0,16.0,presidente venceslau,delivered,11.13,0725b8c0f3f906e58f70cbe76b7c748c,1,2018-07-08 11:25:34,2018-07-10 14:57:00,2018-07-13 22:04:38,2018-07-27 00:00:00,2018-07-14 00:00:00,2018-07-17 00:57:00,guarulhos,SP,SP,2018-07-11 11:45:37
1,credit_card,Carregador LG com defeito,"Boa noite,
Recebi ontem o produto que, infelizmente, não funciona (não carrega a bateria do meu celular LG).
Tentei acessar o canal de reclamações de lannister.com, mas não consegui. Fiz mau negóci",1,45.3,telephony,188.0,17.0,12.0,6.0,rio de janeiro,delivered,15.31,b76dba6c951ab00dc4edf0a1aa88037e,1,2018-08-02 12:21:24,2018-08-03 12:07:00,2018-08-08 21:12:33,2018-08-22 00:00:00,2018-08-09 00:00:00,2018-08-10 00:54:41,sao paulo,SP,RJ,2018-08-07 13:15:26
5,boleto,,Parabéns pelo produto e pela rapidez da entrega. Obrigado. ,1,148.59,computers_accessories,400.0,16.0,16.0,4.0,recife,delivered,19.59,9f505651f4a6abe901a56cdc21508025,1,2018-04-12 11:19:06,2018-04-13 17:58:44,2018-04-23 22:10:39,2018-05-11 00:00:00,2018-04-24 00:00:00,2018-04-25 12:42:29,sao paulo,SP,PE,2018-04-19 02:31:34
5,credit_card,Produto Velho ,Produto Velho. Parece que foi recuperado ,2,140.53,home_appliances,150.0,27.0,17.0,13.0,porto velho,delivered,51.34,d91fb3b7d041e83b64a00a3edfb37e4f,1,2018-07-01 22:41:26,2018-07-03 13:04:00,2018-07-10 15:28:37,2018-08-09 00:00:00,2018-07-11 00:00:00,2018-07-11 21:32:09,praia grande,SP,RO,2018-07-05 22:50:18
5,voucher,,"Muito bom o produto chegou antes do prazo
Amei ",1,86.74,pet_shop,1250.0,40.0,30.0,20.0,santo andre,delivered,16.74,66922902710d126a0e7d26b0e3805106,1,2017-12-20 11:45:55,2017-12-23 00:24:08,2017-12-28 18:10:52,2018-01-15 00:00:00,2017-12-29 00:00:00,2017-12-29 20:47:23,belo horizonte,MG,SP,2017-12-28 11:50:23
4,credit_card,,Atrasou apenas um dia pra entrega de todas as peças. Fiquei satisfeita com o produto e com o atendimento ao cliente da loja.,10,160.5,furniture_decor,1050.0,20.0,20.0,35.0,pirai,delivered,15.1,1025f0e2d44d7041d6cf58b6550e0bfa,1,2017-10-18 00:04:13,2017-10-20 18:59:57,2017-11-03 21:27:38,2017-11-10 00:00:00,2017-11-04 00:00:00,2017-11-07 00:31:00,sao paulo,SP,RJ,2017-10-25 00:14:27
4,credit_card,Paulo ,Eu paguei o frete e gostaria de ter recebido em casa como todos os produtos que ja comprei.,7,76.55,furniture_decor,6100.0,35.0,30.0,15.0,niteroi,delivered,26.65,23613d49c3ac2bd302259e55c06c050c,1,2018-06-26 11:20:44,2018-07-06 11:18:00,2018-07-24 18:18:27,2018-07-27 00:00:00,2018-07-25 00:00:00,2018-07-26 00:44:59,porto ferreira,SP,RJ,2018-07-06 11:35:54
1,credit_card,,"O pedido consta de 2 produtos e até agora recebi apenas 1 produto, e o que me preocupa é que o status aparece como entregue.
Solicito providências

",10,246.36,furniture_decor,7350.0,30.0,30.0,35.0,ituporanga,delivered,16.36,1025f0e2d44d7041d6cf58b6550e0bfa,1,2017-09-04 23:02:26,2017-09-05 21:53:48,2017-09-08 19:31:52,2017-09-27 00:00:00,2017-09-09 00:00:00,2017-09-13 09:52:44,sao paulo,SP,SC,2017-09-11 23:15:14
4,boleto,,OBSERVAÇÃO = Só não recebi a nota fiscal do produto que comprei.,1,420.24,furniture_living_room,9750.0,27.0,92.0,15.0,sao paulo,delivered,25.11,701938c450705b8ae65fc923b70f35c7,1,2017-07-20 17:44:47,2017-07-24 16:05:48,2017-07-31 19:12:41,2017-08-09 00:00:00,2017-08-01 00:00:00,2017-08-02 15:19:18,s jose do rio preto,SP,SP,2017-07-27 02:25:17
4,boleto,Ótimo ,Tudo certo!,1,415.32,garden_tools,1550.0,30.0,30.0,22.0,santa maria,delivered,19.32,1f50f920176fa81dab994f9023523100,1,2018-05-24 16:43:06,2018-05-28 15:55:00,2018-06-07 17:44:58,2018-07-03 00:00:00,2018-06-08 00:00:00,2018-06-11 12:22:41,sao jose do rio preto,SP,RS,2018-05-30 02:18:40
1,credit_card,,"Produto entregue conforme anuncio, porém com vários defeitos ( quebrado, trincado, peça solta ), e até momento não tive retorno para a devolução ou troca do produto.. ",1,27.79,agro_industry_and_commerce,500.0,17.0,11.0,11.0,sao paulo,delivered,8.29,955fee9216a65b617aa5c0531780ce60,1,2018-03-18 14:24:34,2018-03-19 23:52:28,2018-03-21 17:51:44,2018-03-29 00:00:00,2018-03-22 00:00:00,2018-03-23 17:37:37,sao paulo,SP,SP,2018-03-22 14:35:23
1,credit_card,,"Comprei um Toner CF 360X HP 508X PRETO ORIGINAL de ALTO RENDIMENTO, porém me entregaram um Toner CF360A HP 508A PRETO de BAIXO RENDIMENTO, e ainda fui testar o toner e esta com defeito.",10,842.31,computers_accessories,1300.0,16.0,40.0,16.0,maringa,delivered,32.4,af4a0e4cfe1d9c26b6712b1be25a72e5,1,2018-03-07 09:44:27,2018-03-13 18:58:31,2018-03-23 00:12:39,2018-04-02 00:00:00,2018-03-24 00:00:00,2018-03-24 11:40:50,mateus leme,MG,PR,2018-03-13 10:20:28
1,credit_card,,"Oi, boa noite!
Eu quero cancelar minha compra, devolver o produto e ter meu dinheiro reembolsado. Você pode me ajudar? Muito obrigado. ",3,192.56,housewares,3000.0,33.0,34.0,12.0,sao paulo,delivered,22.66,1b4c3a6f53068f0b6944d2d005c9fc89,1,2017-03-21 10:27:22,2017-03-21 12:52:17,2017-03-29 09:16:50,2017-04-11 00:00:00,2017-03-30 00:00:00,2017-03-30 21:46:33,sao ludgero,SC,SP,2017-03-27 10:27:22
2,credit_card,PRODUTO NAO ENTREGUE,"PRODUTO ESTA COM ATRASO DE 3 DIAS, A LOJA NAO SE PRONUNCIOU ATE O MOMENTO. JA TENTEI ENTRAR EM CONTADO MAIS NAO TIVE NENHUMA RESPOSTA. SEMPRE COMPRO POR AQUI, E NUNCA TIVE ESTE PROBLEMA NESTA REDE.",4,141.92,baby,1533.0,39.0,32.0,13.0,sao jose dos campos,invoiced,11.93,271c58a1d139c45eaf3316107c6d3a3b,1,2018-08-14 18:45:08,,,2018-08-27 00:00:00,2018-08-29 00:00:00,2018-08-29 10:15:39,sao paulo,SP,SP,2018-08-23 19:05:23
1,credit_card,,Senhores recebemos o produto no sábado entregamos p minha sobrinha ontem na véspera como presente de natal. Vocês enviaram o par de patins somente do lado direito. Minha sobrinha chorou muito já estav,5,285.1,sports_leisure,6300.0,42.0,32.0,20.0,pitangueiras,delivered,35.11,46dc3b2cc0980fb8ec44634e21d2718e,1,2017-12-05 15:17:47,2017-12-11 12:39:17,2017-12-23 16:49:53,2018-01-03 00:00:00,2017-12-24 00:00:00,2017-12-25 14:47:31,rio de janeiro,RJ,SP,2017-12-13 15:12:15
1,credit_card,nao sei,"Eu comprei 04 Unaro, chegou dois, ligue para (13) 33-42-21-99 com Juliane que disse que os outros dois produtos iria vir no dia seguinte, pois a norma do correio teria muda, Gostaria de um retorno. ",2,159.54,health_beauty,125.0,19.0,17.0,15.0,diadema,delivered,7.87,e9779976487b77c6d4ac45f75ec7afe9,1,2018-05-06 10:53:30,2018-05-07 14:25:00,2018-05-08 19:57:20,2018-05-17 00:00:00,2018-05-09 00:00:00,2018-05-11 20:07:41,praia grande,SP,SP,2018-05-10 11:10:34
4,credit_card,,"Tudo certo, produto muito bom ",3,31.52,food_drink,1000.0,28.0,13.0,13.0,arapongas,delivered,14.52,e9779976487b77c6d4ac45f75ec7afe9,1,2017-05-05 13:18:58,2017-05-09 10:57:23,2017-05-19 11:04:34,2017-05-30 00:00:00,2017-05-20 00:00:00,2017-05-21 12:12:36,praia grande,SP,PR,2017-05-11 13:30:20
1,credit_card,Produto incompleto ,Eram duas mochilas só recebi uma quero uma posição urgente ,8,240.82,fashion_bags_accessories,1870.0,27.0,29.0,20.0,uniao da vitoria,delivered,23.61,dbc22125167c298ef99da25668e1011f,1,2018-06-10 18:04:12,2018-06-11 14:41:00,2018-06-18 17:13:39,2018-07-13 00:00:00,2018-06-19 00:00:00,2018-06-19 15:37:54,borda da mata,MG,PR,2018-06-12 19:51:17
4,boleto,,"Produto top pra quem que apaixonado por fazer drinks, recomendo o produto e a loja tbm que entregou no até antes do prazo.",1,51.64,housewares,200.0,20.0,20.0,20.0,sao paulo,delivered,8.72,aced59e9b31ef866a94f9e7f29d8d418,1,2017-03-03 18:40:14,2017-03-06 13:00:26,2017-03-13 11:30:49,2017-03-22 00:00:00,2017-03-14 00:00:00,2017-03-20 17:39:13,sao paulo,SP,SP,2017-03-09 02:10:29
5,credit_card,,bom produto no prazo e embalado,2,55.5,bed_bath_table,250.0,40.0,30.0,4.0,sao paulo,delivered,11.85,d2374cbcbb3ca4ab1086534108cc3ab7,1,2017-10-23 23:39:37,2017-10-25 12:48:02,2017-11-03 17:23:47,2017-11-09 00:00:00,2017-11-04 00:00:00,2017-11-05 16:07:02,ibitinga,SP,SP,2017-10-29 23:56:12
1,credit_card,,"Mandaram uma churrasqueira de marca diferente que estava no site, chegou toda oxidada, estou no aguardo para devolve-lá. ",8,927.28,housewares,7100.0,36.0,34.0,35.0,itajai,delivered,29.28,556a6409838156ea299c9d1f9e2dde43,1,2018-06-19 10:11:16,2018-06-19 14:46:00,2018-06-29 00:16:28,2018-07-16 00:00:00,2018-06-30 00:00:00,2018-07-02 10:49:21,curitiba,PR,SC,2018-06-25 10:31:39
5,credit_card,,Prazo excelente e produto ótimo. Tudo perfeito. ,1,73.43,baby,1500.0,46.0,52.0,25.0,sao paulo,delivered,13.44,f45122a9ab94eb4f3f8953578bc0c560,1,2017-06-29 15:09:34,2017-06-29 15:33:38,2017-07-04 15:25:40,2017-07-19 00:00:00,2017-07-05 00:00:00,2017-07-07 18:50:44,piracicaba,SP,SP,2017-07-05 15:23:50
5,credit_card,,TUDO CONFORME ANUNCIADO,4,213.76,furniture_living_room,6450.0,55.0,46.0,15.0,cachoeira alta,delivered,35.77,1554a68530182680ad5c8b042c3ab563,1,2018-01-28 22:16:51,2018-01-30 14:29:07,2018-02-09 21:43:19,2018-02-26 00:00:00,2018-02-10 00:00:00,2018-02-14 13:18:18,monte siao,MG,GO,2018-02-01 22:32:22
5,credit_card,recomendo,atende o que promete tipo pelo valor ta dentro do que promete,3,273.88,auto,1800.0,22.0,18.0,10.0,surubim,delivered,43.89,72c5da29406b4234927b81855e7b64f6,1,2018-07-04 00:53:40,2018-07-04 12:09:00,2018-07-10 15:57:50,2018-08-08 00:00:00,2018-07-11 00:00:00,2018-07-13 23:02:40,guarulhos,SP,PE,2018-07-10 01:31:13
1,credit_card,,"Trinta dias pra receber um produto e ainda não chegaram todos 
E vcs deram 17 dias
Falta de compromisso ",8,92.8,toys,500.0,18.0,21.0,6.0,natal,delivered,22.81,850f4f8af5ea87287ac68de36e29107f,1,2017-11-17 00:50:26,2017-11-17 21:52:54,2017-12-15 01:22:27,2017-12-13 00:00:00,2017-12-15 00:00:00,2017-12-15 13:57:49,sao paulo,SP,RN,2017-11-23 01:06:57
2,credit_card,,"ADUIRI TRES BONECOS POWER RANGER, UM AZUL, PRETO E VERMELHO, SÓ FALTA RECEBER O VERMELHO PRO PAPAI NOEL DE MEU NETO",6,85.24,toys,600.0,35.0,20.0,10.0,rio de janeiro,delivered,15.25,de23c3b98a88888289c6f5cc1209054a,1,2017-11-30 13:29:37,2017-12-01 14:26:57,2017-12-28 01:41:41,2017-12-22 00:00:00,2017-12-24 00:00:00,2017-12-24 10:50:56,sao paulo,SP,RJ,2017-12-06 13:55:32
1,credit_card,,comprei dois itens (um jogo de lençol e m matizador) - chegou apenas o jogo de lençol. Não recebi retorno sobre o acontecido.,4,65.05,bed_bath_table,400.0,25.0,19.0,9.0,santo amaro da imperatriz,delivered,15.1,391fc6631aebcf3004804e51b40bcf1e,1,2018-01-25 14:51:08,2018-02-02 02:57:53,2018-02-21 12:49:15,2018-03-05 00:00:00,2018-02-15 00:00:00,2018-02-15 17:08:51,ibitinga,SP,SC,2018-02-05 15:20:03
5,boleto,,Produto de excelente qualidade muito bonito .targaryen esta de parabéns entrega antes do prazo muito bem embalado ficou lindo na minha cozinha...amei.,1,155.14,garden_tools,1500.0,30.0,30.0,22.0,nova iguacu,delivered,17.67,1f50f920176fa81dab994f9023523100,1,2017-11-07 14:39:00,2017-11-10 20:36:49,2017-11-16 16:08:58,2017-11-29 00:00:00,2017-11-17 00:00:00,2017-12-05 15:04:22,sao jose do rio preto,SP,RJ,2017-11-13 15:07:00
5,credit_card,,Lindo! E chegou antes do prazo.,3,772.51,watches_gifts,600.0,19.0,15.0,10.0,mogi das cruzes,delivered,13.51,7e93a43ef30c4f03f38b393420bc753a,1,2017-05-19 22:46:23,2017-05-26 11:15:24,2017-05-29 14:37:56,2017-06-01 00:00:00,2017-05-30 00:00:00,2017-05-31 11:36:41,barueri,SP,SP,2017-05-24 23:03:00
4,credit_card,,"O produto foi entregue conforme pedido. No entanto, a película veio rachada. Como faço para proceder quanto a isso?",1,34.0,telephony,100.0,18.0,11.0,6.0,apucarana,delivered,15.1,7d76b645482be4a332374e8223836592,1,2017-09-27 10:20:28,2017-09-29 21:03:31,2017-10-05 16:55:09,2017-10-23 00:00:00,2017-10-06 00:00:00,2017-10-13 18:33:47,sao paulo,SP,PR,2017-10-04 09:56:19
5,credit_card,,Adoro comprar nesta loja sempre responsável e competente,4,226.9,auto,4300.0,16.0,48.0,79.0,rio grande,delivered,17.9,bb5d956dece964a06c12bceb66b923ae,1,2018-02-19 12:18:48,2018-02-22 01:06:21,2018-03-07 23:38:33,2018-03-14 00:00:00,2018-03-08 00:00:00,2018-03-15 12:17:05,rio de janeiro,RJ,RS,2018-02-23 12:30:33
5,boleto,,o produto chegou bem antes do espera muito obrigado,1,41.78,fashion_bags_accessories,150.0,16.0,16.0,16.0,jau,delivered,16.79,d98eec89afa3380e14463da2aabaea72,1,2017-05-30 15:29:19,2017-05-31 11:29:35,2017-06-05 12:22:44,2017-06-26 00:00:00,2017-06-06 00:00:00,2017-06-06 20:43:32,porto alegre,RS,SP,2017-06-06 06:45:25
1,credit_card,,"Boa tarde!
Fiz a compra de três porta papel higiênico com lixeira, até o momento só entregaram duas, ainda resta um para ser entregue. Gostaria de saber quando vão entregar o que está faltando.",10,281.34,housewares,10450.0,61.0,28.0,28.0,teresopolis,delivered,17.78,53e4c6e0f4312d4d2107a8c9cddf45cd,1,2017-09-30 22:14:29,2017-10-04 16:08:23,2017-10-09 17:08:13,2017-10-27 00:00:00,2017-10-10 00:00:00,2017-10-11 20:57:37,pedreira,SP,RJ,2017-10-04 22:28:10
3,credit_card,,Não sabia que eram quadrinhos para emoldurar. Isso deveria estar nas informações do produto.,5,50.0,furniture_decor,400.0,20.0,20.0,5.0,pouso alegre,delivered,15.1,9996ae921c50e8dff411ac69c0b4bb8b,1,2017-10-17 15:35:11,2017-10-24 19:13:51,2017-11-07 14:12:25,2017-11-08 00:00:00,2017-11-08 00:00:00,2017-11-11 16:44:43,tupa,SP,MG,2017-10-23 15:49:31
5,credit_card,Otimo,Gostei de comprar com vcs ,1,32.29,health_beauty,125.0,25.0,18.0,14.0,campo limpo paulista,delivered,12.8,9b013e03b2ab786505a1d3b5c0756754,1,2018-08-01 19:55:57,2018-08-06 14:49:00,2018-08-09 22:41:43,2018-08-23 00:00:00,2018-08-10 00:00:00,2018-08-11 11:55:28,vicente de carvalho,SP,SP,2018-08-07 20:23:58
5,credit_card,,Entrega super rápida e produto ótimo lindo amei obrigada mega Satisfeita...,2,75.07,bed_bath_table,500.0,70.0,60.0,8.0,curitiba,delivered,15.17,dc4a0fc896dc34b0d5bfec8438291c80,1,2017-07-30 18:41:54,2017-08-02 11:03:54,2017-08-10 21:30:04,2017-08-24 00:00:00,2017-08-11 00:00:00,2017-08-12 07:20:43,ibitinga,SP,PR,2017-08-07 18:55:16
1,boleto,,SUPER RECOMENDO,1,60.86,stationery,600.0,41.0,29.0,10.0,varjao de minas,delivered,10.96,dbc22125167c298ef99da25668e1011f,1,2017-05-03 10:30:37,2017-05-04 13:55:51,2017-05-14 22:48:35,2017-05-31 00:00:00,2017-05-16 00:00:00,2017-05-16 13:29:36,borda da mata,MG,MG,2017-05-10 03:02:53
4,boleto,,"Bom atendimento, mercadoria recebida dentro do prazo",1,120.03,housewares,553.0,18.0,15.0,9.0,santa maria,delivered,16.11,e26901d5ab434ce92fd9b5c256820a4e,1,2017-06-23 09:23:10,2017-06-27 10:04:24,2017-07-04 08:04:11,2017-07-20 00:00:00,2017-07-05 00:00:00,2017-07-07 16:37:33,maua,SP,RS,2017-06-30 02:25:15
5,boleto,,Maravilha ,1,50.87,furniture_decor,1300.0,60.0,12.0,12.0,sao paulo,delivered,13.37,6c7d50c24b3ccd2fd83b44d8bb34e073,1,2017-11-08 17:31:34,2017-11-13 21:51:49,2017-11-17 21:42:05,2017-11-28 00:00:00,2017-11-18 00:00:00,2017-11-21 03:35:26,presidente prudente,SP,SP,2017-11-17 02:55:49
5,credit_card,,"Recebi hoje e ainda não montei as estantes, mas as caixas estão íntegras, com aparência de transporte cuidadoso. Recebi bem antes do prazo. Super recomendo a loja!",5,282.46,furniture_living_room,9750.0,27.0,92.0,15.0,rio de janeiro,delivered,37.24,701938c450705b8ae65fc923b70f35c7,1,2017-01-31 21:57:33,2017-02-03 14:21:30,2017-02-08 14:47:42,2017-03-09 00:00:00,2017-02-09 00:00:00,2017-02-10 02:58:04,s jose do rio preto,SP,RJ,2017-02-04 21:57:33
5,voucher,Avaliçao,"100%, produto entregue antes do esperado.",1,150.0,computers_accessories,1900.0,26.0,20.0,10.0,caxias do sul,delivered,76.44,d03698c2efd04a549382afa6623e27fb,4,2018-05-10 18:46:19,2018-05-11 13:53:00,2018-05-21 16:49:52,2018-06-06 00:00:00,2018-05-22 00:00:00,2018-05-22 20:19:38,ilheus,BA,RS,2018-05-16 09:10:27
5,credit_card,,Muito bom,6,163.78,baby,4117.0,60.0,49.0,15.0,santa adelia,delivered,27.28,e48b04bf1aa1ef711caebeb7aede6180,1,2017-10-08 21:59:58,2017-10-09 22:14:59,2017-10-16 19:37:44,2017-11-08 00:00:00,2017-10-17 00:00:00,2017-10-18 09:12:49,curitiba,PR,SP,2017-10-15 23:14:17
5,boleto,Recomendo,"Adorei minha compra, veio tudo como imaginei, perfeito, com certeza recomendo.",1,178.9,office_furniture,7433.0,57.0,31.0,68.0,alegrete,delivered,58.92,7c67e1448b00f6e969d365cea6b010ab,1,2018-07-24 08:58:05,2018-08-07 17:22:00,2018-08-14 19:34:53,2018-09-03 00:00:00,2018-08-15 00:00:00,2018-08-15 23:28:11,itaquaquecetuba,SP,RS,2018-08-14 03:15:20
4,boleto,,PRODUTO BOM,1,106.74,bed_bath_table,900.0,38.0,29.0,6.0,sorocaba,delivered,13.37,a3e9a2c700480d9bb01fba070ba80a0e,1,2017-06-18 22:01:51,2017-06-20 15:34:43,2017-06-26 12:06:08,2017-07-07 00:00:00,2017-07-04 00:00:00,2017-07-05 13:04:02,ibitinga,SP,SP,2017-06-26 10:30:24
2,credit_card,,"A entrega foi antecipado, mais umas das panelas de pressão veio com o suporte quebrado.",10,186.3,housewares,11350.0,43.0,34.0,35.0,rio de janeiro,delivered,20.16,3be634553519fb6536a03e1358e9fdc7,1,2017-11-24 14:13:26,2017-11-24 23:35:04,2017-11-30 18:04:16,2017-12-14 00:00:00,2017-12-01 00:00:00,2017-12-04 00:54:03,sao paulo,SP,RJ,2017-11-30 16:16:34
5,credit_card,,Amei o produto.,1,10.28,computers_accessories,200.0,41.0,29.0,2.0,belem,delivered,21.15,85d9eb9ddc5d00ca9336a2219c97bb13,1,2017-06-29 11:14:31,2017-07-03 15:07:50,2017-07-26 15:58:16,2017-08-02 00:00:00,2017-07-27 00:00:00,2017-07-28 12:40:31,belo horizonte,MG,PA,2017-07-05 11:25:15
5,voucher,,"Produto chegou bem antes do prazo estipulado, mas tive que ir retirar o produto, pois não era entregue pela transportadora.",1,6.82,home_appliances_2,13200.0,66.0,67.0,19.0,sumare,delivered,18.0,01cf7e3d21494c41fb86034f2e714fa1,3,2017-01-28 17:59:37,2017-01-31 05:21:37,2017-02-07 08:58:13,2017-03-15 00:00:00,2017-02-08 00:00:00,2017-02-09 09:48:57,francisco beltrao,PR,SP,2017-02-01 17:59:37
1,voucher,,"Não recebi, tive que buscar no correio, por alegação de tentativa de entrega sem ninguém em casa, ma é mentira na data alegada tinha gente em casa sim. ",1,159.12,cool_stuff,5650.0,73.0,20.0,73.0,rio de janeiro,delivered,69.21,dc317f341ab0e22f39acbd9dbf9b4a1f,2,2017-11-08 20:47:44,2017-11-09 17:07:00,2017-11-24 15:38:46,2017-11-29 00:00:00,2017-11-25 00:00:00,2017-11-27 23:00:38,cachoeirinha,RS,RJ,2017-11-14 20:56:03
2,voucher,,"Meu pedido veio incompleto. No envelope que recebi pelo correio havia apenas uma calculadora, mas na nota informava que eram duas unidades.",1,6.0,stationery,200.0,19.0,13.0,5.0,pedreira,delivered,7.78,f262cbc1c910c83959f849465454ddd3,5,2018-02-12 18:04:28,2018-02-14 22:58:48,2018-02-16 22:32:51,2018-02-26 00:00:00,2018-02-17 00:00:00,2018-02-19 00:00:01,sao paulo,SP,SP,2018-02-16 18:10:32
3,credit_card,,"Até o momento nada que desabone vamos ver quando for montar a cadeira,em relação a entrega deixou a desejar em relação ao prazo.",3,103.13,office_furniture,8200.0,53.0,18.0,74.0,guarulhos,delivered,23.14,7c67e1448b00f6e969d365cea6b010ab,1,2017-09-15 16:00:57,2017-09-26 22:25:50,2017-10-04 11:37:39,2017-10-03 00:00:00,2017-10-05 00:00:00,2017-10-08 20:21:41,itaquaquecetuba,SP,SP,2017-09-27 17:10:14
4,credit_card,,Recomendo para qualquer pessoa fazer a compra nesta loja pois a entrega ocorreu antes do prazo.,4,213.25,health_beauty,600.0,23.0,48.0,7.0,simao dias,delivered,23.26,59fb871bf6f4522a87ba567b42dafecf,1,2017-02-02 12:31:44,2017-02-03 11:07:30,2017-02-15 15:43:39,2017-03-21 00:00:00,2017-02-16 00:00:00,2017-02-17 03:21:58,sao paulo,SP,SE,2017-02-06 12:31:44
5,credit_card,,"Tudo certo, mas o produto bem que poderia vir embrulhado pra não chamar atenção. ",3,130.47,computers_accessories,2800.0,40.0,40.0,15.0,duque de caxias,delivered,25.47,87142160b41353c4e5fca2360caf6f92,1,2017-05-04 02:30:50,2017-05-05 13:09:19,2017-05-16 10:21:50,2017-06-05 00:00:00,2017-05-17 00:00:00,2017-05-18 01:21:02,porto alegre,RS,RJ,2017-05-11 02:42:42
4,voucher,,Tudo certo!,1,181.86,furniture_decor,700.0,60.0,11.0,7.0,contagem,delivered,15.63,6fc26fe110feebd80a433e1f012a84f9,2,2017-02-24 17:07:05,2017-03-02 06:57:29,2017-03-13 14:45:15,2017-03-24 00:00:00,2017-03-15 00:00:00,2017-03-15 11:57:14,fernandopolis,SP,MG,2017-03-07 17:22:10
5,credit_card,,Estou Feliz e recomendo o site.,8,254.84,watches_gifts,600.0,16.0,17.0,11.0,ribeirao preto,delivered,15.84,744dac408745240a2c2528fb1b6028f3,1,2017-04-23 21:29:36,2017-04-24 13:24:13,2017-04-27 13:58:27,2017-05-22 00:00:00,2017-04-28 00:00:00,2017-04-30 20:17:27,colombo,PR,SP,2017-04-27 21:42:21
3,boleto,,"Faltou um produto, somente um foi entregue.",1,109.02,furniture_decor,1400.0,20.0,20.0,30.0,manhuacu,delivered,16.11,1025f0e2d44d7041d6cf58b6550e0bfa,1,2017-12-21 22:50:01,2017-12-26 18:22:25,2018-01-03 20:03:17,2018-01-23 00:00:00,2018-01-04 00:00:00,2018-01-08 13:48:01,sao paulo,SP,MG,2018-01-02 15:11:26
5,credit_card,,A empresa foi muito eficiente... entrega rapida.,3,127.81,watches_gifts,300.0,18.0,14.0,9.0,sao luis,delivered,22.47,fa1c13f2614d7b5c4749cbc52fecda94,1,2017-11-26 21:34:23,2017-11-28 17:32:31,2017-12-14 02:39:30,2017-12-20 00:00:00,2017-12-14 00:00:00,2017-12-14 21:34:50,sumare,SP,MA,2017-11-30 21:53:56
2,credit_card,,FALTOU CADEIRAS,10,1316.14,office_furniture,16133.0,63.0,25.0,59.0,japeri,delivered,133.85,7c67e1448b00f6e969d365cea6b010ab,1,2018-04-02 12:22:06,2018-04-17 22:46:22,2018-04-24 20:36:50,2018-05-10 00:00:00,2018-04-25 00:00:00,2018-04-26 15:10:33,itaquaquecetuba,SP,RJ,2018-04-17 20:29:09
5,credit_card,,Potente e grande. ,1,50.25,furniture_decor,950.0,20.0,20.0,35.0,taubate,delivered,11.85,1025f0e2d44d7041d6cf58b6550e0bfa,1,2017-08-31 08:15:24,2017-08-31 20:06:14,2017-09-04 20:59:55,2017-09-20 00:00:00,2017-09-05 00:00:00,2017-09-09 12:50:03,sao paulo,SP,SP,2017-09-08 08:30:17
5,credit_card,Boa Loja,Excelente loja,1,99.9,watches_gifts,584.0,16.0,13.0,11.0,queimados,delivered,0.0,7d13fca15225358621be4086e1eb0964,1,2018-04-25 20:03:13,2018-04-30 06:17:00,2018-05-08 21:46:46,2018-05-29 00:00:00,2018-05-09 00:00:00,2018-05-14 04:47:38,ribeirao preto,SP,RJ,2018-05-02 20:31:14
5,boleto,Excelente,"Ótimo joystick, principalmente para Retropie do Raspberry Pi.",1,44.51,computers_accessories,352.0,20.0,17.0,14.0,belo horizonte,delivered,14.51,fdf736c18c589ed030e058312203e1b2,1,2018-08-02 12:07:30,2018-08-03 13:48:00,2018-08-07 23:54:31,2018-08-10 00:00:00,2018-08-08 00:00:00,2018-08-09 10:36:11,pocos de caldas,MG,MG,2018-08-09 02:50:32
5,credit_card,,"Produto chegou corretamente e serviu certo no meu xbox 360 e one.
",1,110.0,consoles_games,200.0,50.0,25.0,5.0,mogi-guacu,delivered,15.1,fc906263ca5083d09dce42fe02247800,1,2017-06-12 13:38:50,2017-06-13 08:27:32,2017-06-19 14:42:40,2017-07-05 00:00:00,2017-06-20 00:00:00,2017-06-21 18:04:04,belo horizonte,MG,SP,2017-06-16 13:50:19
5,credit_card,recomendo,Luva entregue de acordo com o pedido e entregue no prazo....,5,219.27,sports_leisure,300.0,30.0,40.0,20.0,rio negrinho,delivered,19.28,3289d8c3eef4873f91ce0b1343c0dd58,1,2018-05-25 18:44:29,2018-05-28 15:22:00,2018-06-08 14:36:33,2018-06-28 00:00:00,2018-06-09 00:00:00,2018-06-11 22:59:45,praia grande,SP,SC,2018-05-31 19:12:33
5,credit_card,,"Adorei o produto. Muito bonito, bom acabamento. Recomendo.",4,48.1,furniture_decor,900.0,30.0,32.0,6.0,brasilia,delivered,16.11,1554a68530182680ad5c8b042c3ab563,1,2017-07-12 21:53:51,2017-07-13 15:29:31,2017-07-26 03:46:41,2017-08-03 00:00:00,2017-07-26 00:00:00,2017-07-28 19:28:32,monte siao,MG,DF,2017-07-18 22:05:41
5,credit_card,,Recomento! Entrega pontual.,2,46.69,auto,50.0,35.0,26.0,4.0,montes claros,delivered,16.79,e21a1e8be4715b0fcfd5385643bc49c4,1,2017-11-12 15:05:47,2017-11-16 20:51:58,2017-11-24 13:11:43,2017-12-11 00:00:00,2017-11-25 00:00:00,2017-11-25 15:30:23,jaguaruna,SC,MG,2017-11-17 15:15:25
4,credit_card,recomendo,"demorou um pouco demais a entrega, já estava apreensiva pq o prazo estava esgotando, no mais adorei o produto",3,152.73,stationery,1075.0,21.0,15.0,15.0,cameta,delivered,42.83,2ff97219cb8622eaf3cd89b7d9c09824,1,2018-04-24 12:57:49,2018-04-24 23:21:29,2018-06-01 17:38:47,2018-06-04 00:00:00,2018-06-02 00:00:00,2018-06-02 22:18:24,salto,SP,PA,2018-04-30 13:31:57
4,boleto,Ótimo produto ,Gostei do que comprei e ficou muito legal na moto,1,403.32,auto,1600.0,25.0,17.0,9.0,paulinia,delivered,19.82,8f580d36c1e9d6fbce95283403c7d447,1,2018-06-16 19:05:54,2018-06-21 14:12:00,2018-06-26 17:08:45,2018-07-12 00:00:00,2018-06-27 00:00:00,2018-06-28 22:47:08,ribeirao preto,SP,SP,2018-06-22 12:31:10
5,credit_card,,Produto de excelente qualidade.,4,188.06,sports_leisure,6450.0,20.0,20.0,20.0,nova iguacu,delivered,19.06,4d6d651bd7684af3fffabd5f08d12e5a,1,2018-03-19 13:06:41,2018-03-22 20:42:02,2018-04-02 21:24:44,2018-04-09 00:00:00,2018-04-03 00:00:00,2018-04-06 00:57:13,jau,SP,RJ,2018-03-23 13:55:47
1,boleto,,Foram recebidos três capas de travesseiros das quatro compradas.,1,103.12,bed_bath_table,150.0,26.0,19.0,6.0,saudades,delivered,16.79,822166ed1e47908f7cfb49946d03c726,1,2018-01-26 15:45:51,2018-02-06 19:04:32,2018-02-27 17:09:45,2018-03-02 00:00:00,2018-02-28 00:00:00,2018-02-28 23:17:24,tres rios,RJ,SC,2018-02-05 04:30:41
3,credit_card,,"Recebi 5 anilhas, faltou apenas 1 de 3kg",4,218.0,sports_leisure,3100.0,19.0,11.0,19.0,viradouro,delivered,6.25,973f21788dfab357250f69a8dcb7ddee,1,2017-01-25 15:47:27,2017-02-07 08:09:23,2017-02-14 14:03:35,2017-03-23 00:00:00,2017-02-15 00:00:00,2017-02-16 15:24:27,claudio,MG,SP,2017-01-29 15:47:27
3,credit_card,,O produto foi entregue na data correta.,5,160.51,auto,5950.0,65.0,65.0,11.0,embu das artes,delivered,16.71,8581055ce74af1daba164fdbd55a40de,1,2017-11-27 17:46:48,2017-11-29 19:38:47,2017-12-12 13:07:22,2017-12-11 00:00:00,2017-12-13 00:00:00,2017-12-14 14:31:13,guarulhos,SP,SP,2017-12-01 18:00:34
3,credit_card,, a loja é otima,1,62.01,garden_tools,1750.0,37.0,40.0,22.0,pindamonhangaba,delivered,8.11,1f50f920176fa81dab994f9023523100,1,2018-05-17 16:37:19,2018-05-19 07:50:00,2018-06-05 23:52:04,2018-06-06 00:00:00,2018-06-06 00:00:00,2018-06-12 22:22:27,sao jose do rio preto,SP,SP,2018-05-24 00:14:35
5,credit_card,,otima,5,107.78,housewares,2200.0,48.0,25.0,25.0,uberlandia,delivered,17.88,91f848e9f4be368f4318775aac733370,1,2017-06-18 19:59:52,2017-06-19 20:03:24,2017-06-27 17:48:52,2017-07-11 00:00:00,2017-06-28 00:00:00,2017-06-29 21:41:50,sao paulo,SP,MG,2017-06-22 20:10:18
5,boleto,,ótimo....,1,21.43,electronics,200.0,22.0,16.0,11.0,santo andre,delivered,7.78,8b321bb669392f5163d04c59e235e066,1,2017-11-28 15:12:55,2017-11-30 13:37:53,2017-12-03 13:26:52,2017-12-12 00:00:00,2017-12-04 00:00:00,2017-12-04 22:31:47,sao paulo,SP,SP,2017-12-04 18:16:14
5,voucher,,Adorei a cortina muito linda,1,42.3,furniture_decor,700.0,35.0,30.0,4.0,ferraz de vasconcelos,delivered,11.81,cca3071e3e9bb7d12640c9fbe2301306,2,2017-04-04 19:53:50,2017-04-05 08:22:36,2017-04-07 11:46:53,2017-04-25 00:00:00,2017-04-08 00:00:00,2017-04-09 10:34:14,ibitinga,SP,SP,2017-04-10 20:05:08
1,credit_card,,"recebi a nota fiscal de 6 produtos mas so entregaram 1 , liguei para o lojista e foi ate atencioso falou que tinha enviado os 6 pois ele falou que tinha que fazer uma encomenda(caixa) para cada vidro ",1,240.0,sports_leisure,150.0,16.0,11.0,16.0,sao joao de meriti,delivered,14.1,4c2b230173bb36f9b240f2b8ac11786e,1,2017-07-12 22:10:05,2017-07-18 16:57:53,2017-07-24 19:27:37,2017-08-03 00:00:00,2017-07-25 00:00:00,2017-07-27 19:19:47,sao paulo,SP,RJ,2017-07-18 22:25:14
5,credit_card,,ENTREGOU ANRES DO PRAZO DETERMINADO MUITO BOM,6,115.45,toys,1550.0,18.0,25.0,31.0,guarulhos,delivered,15.46,46dc3b2cc0980fb8ec44634e21d2718e,1,2017-09-19 10:09:37,2017-09-20 01:49:43,2017-09-26 18:17:54,2017-10-05 00:00:00,2017-09-27 00:00:00,2017-09-28 13:21:13,rio de janeiro,RJ,SP,2017-09-25 10:15:13
2,credit_card,Faltou 01 produto,"Comprei 03 cadeiras, foram entregues duas cadeiras (palito) a cadeira rotatória ainda não foi entregue....",6,340.13,office_furniture,11880.0,50.0,27.0,60.0,maracai,delivered,26.82,7c67e1448b00f6e969d365cea6b010ab,1,2018-04-18 14:48:57,2018-04-25 08:14:00,2018-04-30 18:28:39,2018-05-15 00:00:00,2018-05-01 00:00:00,2018-05-04 14:00:16,itaquaquecetuba,SP,SP,2018-05-03 15:11:27
5,credit_card,,"Sempre que comprei no baratheon fui atendida em todos os quesitos, até quando algo deu errado,foi logo resolvido. Ótima empresa.",1,102.03,bed_bath_table,1383.0,50.0,40.0,10.0,sao bernardo do campo,delivered,12.13,4a3ca9315b744ce9f8e9374361493884,1,2017-07-15 12:56:04,2017-07-20 17:42:19,2017-07-26 13:17:27,2017-08-04 00:00:00,2017-07-27 00:00:00,2017-07-29 13:20:49,ibitinga,SP,SP,2017-07-20 13:05:13
5,credit_card,,Muito bonitinhos e macios.,1,114.52,toys,800.0,20.0,20.0,35.0,sao paulo,delivered,2.09,8f119a0aee85c0c8fc534629734e94fd,1,2017-08-03 22:19:11,2017-08-07 19:08:34,2017-08-08 12:47:15,2017-08-16 00:00:00,2017-08-09 00:00:00,2017-08-09 19:25:44,barueri,SP,SP,2017-08-09 22:35:13
1,credit_card,Falta de comprometimento ,Comprei e as cores vieram todas erradas e escolhe com tanto cuidado e veio td diferente não compro mais pq ate vc tentar e conseguir trocar muita dor de cabeça ,8,388.0,bed_bath_table,1325.0,19.0,23.0,17.0,itupeva,delivered,23.1,609e1a9a6c2539919b8205cf7c4e6ff0,1,2018-04-25 18:44:44,2018-04-30 11:37:00,2018-05-07 22:06:25,2018-05-23 00:00:00,2018-05-08 00:00:00,2018-05-11 02:38:47,brusque,SC,SP,2018-05-03 18:35:23
1,credit_card,,"Até agora não recebi o material, isso suja o nome do stark, que sempre entregou tudo certo.",1,134.49,watches_gifts,200.0,16.0,11.0,11.0,colatina,delivered,15.58,fa1c13f2614d7b5c4749cbc52fecda94,1,2017-11-24 20:15:57,2017-11-28 17:32:43,2017-12-26 17:27:05,2017-12-18 00:00:00,2017-12-19 00:00:00,2017-12-19 05:34:24,sumare,SP,ES,2017-11-29 23:31:50
5,credit_card,,Entregou antes do prazo.,4,109.31,toys,275.0,20.0,14.0,13.0,rio de janeiro,delivered,14.41,0432ead42b6c8a0bdf68154add917fdf,1,2017-05-10 19:59:24,2017-05-11 10:09:25,2017-05-16 16:29:11,2017-05-30 00:00:00,2017-05-17 00:00:00,2017-05-18 10:45:26,maua,SP,RJ,2017-05-16 20:05:14
1,credit_card,,tem que ter um mínimo de atenção ao cliente,1,54.74,sports_leisure,700.0,17.0,16.0,16.0,acarau,delivered,24.84,522620dcb18a6b31cd7bdf73665113a9,1,2017-03-11 20:05:50,2017-03-13 13:43:59,2017-04-27 05:08:59,2017-04-18 00:00:00,2017-04-20 00:00:00,2017-04-23 17:41:43,cascavel,PR,CE,2017-03-20 20:05:50
5,credit_card,,Gostei muito .,1,31.38,health_beauty,670.0,17.0,14.0,11.0,maua,delivered,7.39,8d956fec2e4337affcb520f56fd8cbfd,1,2018-03-27 14:11:31,2018-03-29 17:46:45,2018-04-09 18:41:29,2018-04-09 00:00:00,2018-04-10 00:00:00,2018-04-11 09:36:28,sao bernardo do campo,SP,SP,2018-04-03 14:08:52